{
  "q": 1038337,
  "d": 5,
  "lenkey": 12,
  "lennonce": 8,
  "lentag": 7,
  "t": 20,
  "RF": 8,
  "RP": 18,
  "sec_trunc_bound": 6.404533344395429,
  "sec_perm_bits": 133.2389555095502,
  "ME": [
    [
      968123,
      798159,
      267973,
      563222,
      874643,
      520091,
      948922,
      565048,
      70406,
      730525,
      139097,
      197215,
      366130,
      227276,
      462463,
      259578,
      315141,
      31114,
      578800,
      862580
    ],
    [
      187276,
      597417,
      130171,
      856261,
      705458,
      229707,
      698320,
      490422,
      710315,
      540365,
      640634,
      419060,
      1009564,
      743786,
      442846,
      701566,
      606018,
      640322,
      767029,
      653514
    ],
    [
      110868,
      869738,
      286620,
      550653,
      133583,
      699945,
      851441,
      21788,
      971670,
      403719,
      37954,
      306577,
      405742,
      521249,
      544973,
      763165,
      90781,
      87380,
      285786,
      623433
    ],
    [
      406228,
      528510,
      890254,
      815705,
      657564,
      404667,
      747610,
      304368,
      454221,
      1022949,
      590542,
      967663,
      426731,
      913633,
      683162,
      237097,
      580679,
      335068,
      979630,
      565025
    ],
    [
      342941,
      904548,
      438859,
      49046,
      911980,
      948333,
      420051,
      237182,
      676406,
      300828,
      629341,
      840477,
      160747,
      314848,
      13681,
      7222,
      976229,
      528186,
      640946,
      656939
    ],
    [
      959302,
      1001719,
      751078,
      885575,
      681739,
      263816,
      900211,
      142390,
      793914,
      573701,
      821876,
      638366,
      175483,
      814546,
      104328,
      936828,
      686105,
      350360,
      45081,
      995093
    ],
    [
      860931,
      268375,
      776066,
      192715,
      486461,
      322077,
      855577,
      169007,
      121175,
      1029984,
      484383,
      358520,
      647732,
      652950,
      894288,
      73846,
      565116,
      1037821,
      1022930,
      860206
    ],
    [
      155909,
      679148,
      928232,
      775825,
      326449,
      342539,
      696104,
      556143,
      231234,
      86935,
      121791,
      459490,
      615226,
      481663,
      43069,
      383601,
      616077,
      917542,
      642341,
      361025
    ],
    [
      189374,
      811457,
      98203,
      721278,
      330612,
      354297,
      246870,
      769872,
      41265,
      57189,
      606162,
      763892,
      768622,
      256198,
      831003,
      284520,
      366213,
      132478,
      246421,
      746797
    ],
    [
      761670,
      980905,
      542098,
      812774,
      21167,
      926617,
      38269,
      1033364,
      574883,
      56972,
      779134,
      578774,
      357034,
      685207,
      249299,
      177241,
      536065,
      962020,
      14881,
      647644
    ],
    [
      705728,
      850571,
      779528,
      634232,
      936856,
      850302,
      239264,
      181140,
      337672,
      611622,
      784615,
      931930,
      631095,
      274097,
      396712,
      274591,
      525103,
      488844,
      70983,
      742943
    ],
    [
      140192,
      94346,
      277307,
      170095,
      85835,
      572443,
      952293,
      257814,
      1007534,
      435476,
      771418,
      933830,
      315254,
      795479,
      704082,
      31693,
      375015,
      579551,
      348430,
      960562
    ],
    [
      282942,
      630574,
      870102,
      35391,
      72419,
      572341,
      121253,
      123704,
      1014744,
      694145,
      350861,
      252467,
      349717,
      206539,
      651558,
      513643,
      709567,
      797420,
      459615,
      913431
    ],
    [
      836365,
      45934,
      901986,
      316924,
      569384,
      103409,
      131267,
      95177,
      404689,
      843791,
      520815,
      347684,
      335005,
      347748,
      588814,
      722391,
      945219,
      48368,
      1028244,
      195928
    ],
    [
      23379,
      998395,
      702760,
      457260,
      648970,
      82411,
      882090,
      144718,
      390064,
      774668,
      395616,
      461663,
      1005163,
      567212,
      883342,
      928098,
      861696,
      556848,
      294644,
      740351
    ],
    [
      238060,
      684772,
      553700,
      724914,
      321079,
      783950,
      142727,
      214113,
      467653,
      578,
      101631,
      225148,
      833855,
      263791,
      419269,
      538915,
      940202,
      472781,
      594744,
      27142
    ],
    [
      698153,
      898304,
      312919,
      717338,
      765603,
      484996,
      560845,
      774327,
      318520,
      657281,
      722600,
      94583,
      77984,
      1002075,
      516794,
      456107,
      614856,
      863957,
      474870,
      809804
    ],
    [
      649862,
      731712,
      657224,
      810325,
      511314,
      935410,
      421616,
      6422,
      35649,
      98527,
      79037,
      738875,
      755452,
      759109,
      1014426,
      824881,
      940036,
      602733,
      885146,
      2893
    ],
    [
      599537,
      429184,
      217932,
      761091,
      778849,
      68436,
      206763,
      604882,
      387960,
      89543,
      622233,
      300381,
      866915,
      613676,
      485658,
      879432,
      922979,
      255345,
      355863,
      181771
    ],
    [
      649825,
      1018881,
      91686,
      857946,
      39156,
      521689,
      139173,
      608038,
      553849,
      372556,
      641715,
      407674,
      835813,
      431349,
      165396,
      586020,
      435269,
      905626,
      715773,
      775552
    ]
  ],