{
  "q": 12289,
  "d": 5,
  "lenkey": 8,
  "lennonce": 12,
  "lentag": 7,
  "t": 20,
  "RF": 8,
  "RP": 18,
  "sec_trunc_bound": 9.422101372692554,
  "sec_perm_bits": 90.56719935178073,
  "ME": [
    [
      5263,
      6515,
      4299,
      9479,
      10005,
      2414,
      11397,
      10883,
      8245,
      11623,
      9270,
      6587,
      5196,
      7203,
      3977,
      12198,
      10740,
      2469,
      5555,
      11711
    ],
    [
      9424,
      7611,
      11973,
      9509,
      10593,
      6453,
      2896,
      8638,
      4106,
      3933,
      5650,
      1020,
      6189,
      9817,
      3124,
      12003,
      311,
      2040,
      4609,
      9558
    ],
    [
      5706,
      8491,
      427,
      11733,
      10434,
      7359,
      5043,
      11527,
      6495,
      3805,
      894,
      1600,
      11647,
      10823,
      3361,
      1476,
      2067,
      6301,
      8020,
      10354
    ],
    [
      5228,
      2511,
      5356,
      2164,
      12042,
      8535,
      3664,
      3569,
      6089,
      9683,
      4103,
      9191,
      9582,
      1803,
      7279,
      12021,
      6631,
      4118,
      5880,
      8186
    ],
    [
      6302,
      4855,
      11319,
      8235,
      1355,
      8169,
      7899,
      2301,
      8225,
      10225,
      11963,
      2270,
      32,
      4437,
      4102,
      1172,
      4381,
      6047,
      7546,
      9002
    ],
    [
      7870,
      8253,
      6195,
      2465,
      19,
      4254,
      1867,
      8612,
      8918,
      7327,
      3712,
      8366,
      5038,
      6114,
      8761,
      10944,
      2062,
      1945,
      6663,
      6467
    ],
    [
      10048,
      11262,
      4818,
      5153,
      6891,
      6527,
      8891,
      7693,
      4470,
      7182,
      6238,
      11619,
      5541,
      4091,
      9324,
      3002,
      8029,
      7386,
      2141,
      6743
    ],
    [
      266,
      6595,
      782,
      6886,
      5270,
      3209,
      7140,
      1293,
      1933,
      828,
      1206,
      11466,
      8791,
      7044,
      10181,
      11696,
      10528,
      7539,
      10755,
      528
    ],
    [
      3835,
      6558,
      4650,
      6005,
      1261,
      11599,
      2756,
      7515,
      4548,
      5575,
      4220,
      5139,
      10196,
      10299,
      8053,
      1966,
      4765,
      9953,
      4879,
      5534
    ],
    [
      10174,
      2183,
      2823,
      10287,
      840,
      12084,
      2215,
      2178,
      1263,
      8760,
      8820,
      2743,
      4556,
      8009,
      10075,
      5643,
      9316,
      6357,
      6880,
      7988
    ],
    [
      11264,
      5539,
      11653,
      10739,
      5419,
      6251,
      7812,
      7468,
      5710,
      9776,
      7923,
      1307,
      9169,
      6876,
      10880,
      10607,
      2436,
      7745,
      12268,
      3968
    ],
    [
      1148,
      7356,
      4273,
      7040,
      11711,
      8410,
      752,
      4709,
      357,
      6207,
      1490,
      2148,
      693,
      2216,
      11413,
      11438,
      11040,
      390,
      9626,
      10412
    ],
    [
      2496,
      2510,
      1475,
      4587,
      10796,
      159,
      11326,
      746,
      12192,
      12190,
      6100,
      5345,
      6639,
      10978,
      7998,
      1592,
      6234,
      9027,
      8268,
      682
    ],
    [
      3928,
      9504,
      7679,
      6335,
      4715,
      2224,
      6845,
      9338,
      7363,
      4606,
      1910,
      10303,
      11036,
      6921,
      8299,
      3402,
      1079,
      2565,
      4826,
      899
    ],
    [
      10190,
      2610,
      10520,
      1871,
      1154,
      5456,
      10726,
      1343,
      9691,
      9171,
      4288,
      5501,
      4415,
      6521,
      468,
      1166,
      4928,
      10687,
      1288,
      6993
    ],
    [
      4156,
      9009,
      8172,
      6016,
      8945,
      7021,
      11272,
      3612,
      6009,
      2998,
      5611,
      4810,
      7252,
      973,
      10980,
      11364,
      365,
      5508,
      5959,
      12114
    ],
    [
      10706,
      10562,
      2854,
      11495,
      4778,
      8549,
      9331,
      5649,
      4150,
      1762,
      3539,
      3303,
      11134,
      6046,
      11010,
      5687,
      7500,
      9260,
      1875,
      9899
    ],
    [
      4799,
      3435,
      11383,
      9577,
      1131,
      602,
      11674,
      266,
      10253,
      11738,
      11799,
      8622,
      8765,
      11603,
      4198,
      2882,
      12067,
      1439,
      8787,
      8134
    ],
    [
      6662,
      5560,
      6241,
      11042,
      7580,
      7422,
      3054,
      578,
      6825,
      7575,
      11618,
      11081,
      6645,
      10916,
      780,
      9252,
      9414,
      1239,
      10974,
      1406
    ],
    [
      1262,
      11001,
      10492,
      11893,
      10806,
      8285,
      252,
      1677,
      4038,
      4285,
      10849,
      6226,
      609,
      5543,
      6771,
      10557,
      11950,
      430,
      9679,
      10299
    ]
  ],