{
  "q": 1054721,
  "d": 3,
  "lenkey": 8,
  "lennonce": 12,
  "lentag": 7,
  "t": 20,
  "RF": 8,
  "RP": 19,
  "sec_trunc_bound": 6.39730353978337,
  "sec_perm_bits": 133.3895332661094,
  "ME": [
    [
      355970,
      493080,
      232092,
      905227,
      621923,
      999565,
      873919,
      956091,
      636041,
      74604,
      404026,
      121022,
      913837,
      622374,
      217329,
      122731,
      669436,
      49362,
      571242,
      27059
    ],
    [
      959128,
      475329,
      230105,
      361088,
      1004162,
      161354,
      510659,
      33985,
      487128,
      491673,
      395127,
      870225,
      585509,
      861193,
      1030036,
      541404,
      902379,
      507818,
      944855,
      134600
    ],
    [
      888199,
      924065,
      414043,
      373362,
      660031,
      11468,
      994074,
      503909,
      817013,
      991922,
      810274,
      84823,
      616879,
      437292,
      185290,
      581624,
      668112,
      508263,
      409373,
      740396
    ],
    [
      677490,
      876102,
      488815,
      319995,
      206737,
      632538,
      598570,
      226276,
      241656,
      268556,
      824157,
      1047475,
      1030766,
      275276,
      341334,
      1054253,
      904422,
      177483,
      344661,
      503367
    ],
    [
      737755,
      1009970,
      930594,
      682328,
      486659,
      590829,
      160837,
      732957,
      610490,
      404294,
      983242,
      923825,
      568338,
      233364,
      687697,
      830686,
      568144,
      782010,
      38886,
      219589
    ],
    [
      187691,
      992655,
      53018,
      591069,
      396019,
      486479,
      458319,
      497214,
      373893,
      244563,
      586266,
      301731,
      998582,
      94754,
      817517,
      719527,
      690346,
      133086,
      336362,
      360423
    ],
    [
      244231,
      521696,
      372142,
      905433,
      442136,
      1001103,
      111591,
      500706,
      558323,
      92957,
      70499,
      595472,
      614606,
      704306,
      654367,
      121018,
      334255,
      386868,
      917681,
      585701
    ],
    [
      214437,
      291581,
      277612,
      751098,
      9092,
      696434,
      580639,
      430642,
      302346,
      1012620,
      987500,
      549748,
      810049,
      35061,
      941806,
      778055,
      106234,
      566520,
      130055,
      67076
    ],
    [
      290929,
      282663,
      265548,
      494151,
      397806,
      756241,
      631732,
      407168,
      495467,
      828562,
      822518,
      402049,
      624474,
      407252,
      951147,
      925089,
      554488,
      521049,
      629658,
      482565
    ],
    [
      316689,
      997962,
      709786,
      19834,
      1014643,
      333551,
      571855,
      354200,
      368892,
      692955,
      1019477,
      1424,
      462060,
      545025,
      350877,
      868729,
      367047,
      955939,
      918387,
      53428
    ],
    [
      766475,
      715928,
      268782,
      233253,
      722115,
      436400,
      96601,
      557646,
      286139,
      244250,
      903318,
      157085,
      34554,
      331130,
      80924,
      867431,
      1038475,
      377632,
      410266,
      83933
    ],
    [
      364419,
      810781,
      442146,
      770222,
      250684,
      434798,
      353732,
      787729,
      492090,
      785469,
      828689,
      28519,
      970425,
      339000,
      101579,
      932744,
      329086,
      359713,
      133715,
      549913
    ],
    [
      264003,
      896966,
      704856,
      623260,
      432276,
      628711,
      577263,
      303128,
      537331,
      1026422,
      441839,
      1011818,
      408435,
      390808,
      559806,
      107921,
      459055,
      172962,
      57649,
      400806
    ],
    [
      159177,
      728441,
      954411,
      236773,
      873233,
      608468,
      969804,
      802108,
      981838,
      845804,
      646039,
      276818,
      662025,
      722474,
      258017,
      615254,
      225432,
      914421,
      933959,
      983764
    ],
    [
      585340,
      701196,
      327753,
      964732,
      261271,
      917192,
      938711,
      934792,
      7111,
      1039996,
      786379,
      235506,
      1028867,
      201296,
      259571,
      444623,
      72068,
      668196,
      1018742,
      599222
    ],
    [
      856386,
      966153,
      447789,
      599310,
      882432,
      933680,
      772375,
      1034075,
      848022,
      684322,
      902239,
      357212,
      423395,
      753516,
      1020057,
      893874,
      532046,
      75750,
      114957,
      384022
    ],
    [
      576240,
      839375,
      708264,
      181826,
      6544,
      853797,
      271075,
      210863,
      175160,
      607972,
      627876,
      566595,
      136565,
      262833,
      190329,
      1026283,
      785888,
      397514,
      464353,
      75196
    ],
    [
      373745,
      293803,
      513377,
      101528,
      775097,
      834158,
      535863,
      511203,
      759931,
      606379,
      836974,
      718742,
      746209,
      926782,
      897375,
      475050,
      273784,
      361734,
      784746,
      654345
    ],
    [
      595934,
      66104,
      854143,
      618411,
      330127,
      807403,
      240973,
      583105,
      1035392,
      350063,
      670848,
      959788,
      903037,
      254182,
      471442,
      793918,
      124539,
      953102,
      363096,
      253240
    ],
    [
      435147,
      964946,
      1017246,
      763186,
      440301,
      931617,
      835290,
      333371,
      84537,
      344690,
      102626,
      663880,
      393135,
      459822,
      826107,
      895158,
      707765,
      1011752,
      217975,
      211654
    ]
  ],