{
  "q": 1017857,
  "d": 3,
  "lenkey": 8,
  "lennonce": 12,
  "lentag": 7,
  "t": 20,
  "RF": 8,
  "RP": 19,
  "sec_trunc_bound": 6.413756398231783,
  "sec_perm_bits": 133.04735639298522,
  "ME": [
    [
      825578,
      169747,
      348645,
      968443,
      1482,
      116542,
      514221,
      509967,
      610923,
      62344,
      219107,
      657686,
      607323,
      524023,
      95054,
      461478,
      624027,
      582510,
      630476,
      505707
    ],
    [
      919004,
      604813,
      93670,
      317606,
      715401,
      942155,
      898371,
      509498,
      179526,
      330708,
      558485,
      132692,
      741054,
      715953,
      269338,
      278674,
      331376,
      257469,
      268886,
      916063
    ],
    [
      389658,
      530182,
      883516,
      439385,
      301088,
      54052,
      527257,
      228568,
      541204,
      865900,
      441965,
      554924,
      324064,
      121757,
      160376,
      861637,
      846710,
      953055,
      25857,
      444309
    ],
    [
      22359,
      161026,
      671871,
      280265,
      271158,
      842713,
      165321,
      140001,
      679226,
      642040,
      648208,
      450473,
      324737,
      92956,
      74806,
      764328,
      27597,
      426603,
      358729,
      199398
    ],
    [
      237599,
      724358,
      837560,
      249087,
      77500,
      269635,
      470070,
      932252,
      481011,
      814872,
      857493,
      721464,
      874763,
      387786,
      465845,
      825676,
      980745,
      470596,
      489622,
      768131
    ],
    [
      908090,
      985503,
      20425,
      778863,
      28156,
      1009338,
      258507,
      335931,
      734685,
      787095,
      67582,
      359634,
      182158,
      313638,
      428587,
      197129,
      613157,
      403445,
      793379,
      487658
    ],
    [
      158649,
      674856,
      238347,
      283894,
      264950,
      443472,
      150717,
      901840,
      996211,
      921031,
      96106,
      365106,
      718385,
      195468,
      849478,
      278655,
      237713,
      629613,
      938468,
      610599
    ],
    [
      752158,
      952115,
      685859,
      144824,
      569940,
      418043,
      50674,
      88851,
      946554,
      153231,
      525063,
      520891,
      867670,
      420253,
      916854,
      69167,
      577713,
      567567,
      979326,
      278095
    ],
    [
      446131,
      768831,
      398234,
      956279,
      64502,
      934166,
      213805,
      516182,
      822095,
      728271,
      87889,
      42354,
      1014401,
      510024,
      46305,
      77903,
      188654,
      39722,
      546976,
      88672
    ],
    [
      140673,
      584308,
      19808,
      700613,
      331473,
      826363,
      395075,
      932238,
      126232,
      630978,
      53131,
      251751,
      383197,
      735075,
      351019,
      434848,
      883083,
      264459,
      225337,
      682875
    ],
    [
      967486,
      324686,
      194273,
      510231,
      711793,
      812556,
      759682,
      455039,
      611949,
      60390,
      512221,
      445767,
      701054,
      541181,
      145352,
      423973,
      155041,
      447703,
      847151,
      556880
    ],
    [
      900593,
      621297,
      698036,
      531377,
      380640,
      517388,
      324567,
      296912,
      390237,
      169800,
      419978,
      876092,
      189268,
      741319,
      680089,
      634326,
      266152,
      541373,
      892035,
      400597
    ],
    [
      801227,
      322968,
      533122,
      984966,
      793149,
      281080,
      341199,
      809197,
      280516,
      1008925,
      993107,
      745098,
      414472,
      475570,
      785678,
      208800,
      865205,
      55726,
      948189,
      435873
    ],
    [
      710586,
      137282,
      59729,
      225061,
      622523,
      927104,
      1017853,
      324878,
      205544,
      870207,
      594310,
      645752,
      830246,
      191753,
      59867,
      697036,
      793844,
      519097,
      720986,
      868079
    ],
    [
      32030,
      337181,
      731720,
      257016,
      323652,
      233622,
      1007701,
      729858,
      825000,
      765025,
      25849,
      267652,
      1013554,
      329836,
      396071,
      442605,
      731416,
      305007,
      554286,
      142397
    ],
    [
      990811,
      222316,
      173606,
      336779,
      597451,
      39673,
      31052,
      49992,
      354278,
      587312,
      564888,
      774545,
      791594,
      691429,
      953943,
      568327,
      5936,
      151157,
      814890,
      388121
    ],
    [
      506515,
      760798,
      479914,
      835450,
      557845,
      832298,
      491455,
      349331,
      476522,
      983458,
      1003681,
      425218,
      673263,
      205333,
      669198,
      861623,
      206262,
      582989,
      209564,
      215728
    ],
    [
      973223,
      257218,
      836016,
      627346,
      245364,
      8678,
      782371,
      305937,
      22194,
      602296,
      722550,
      885398,
      260524,
      640960,
      17477,
      296300,
      220842,
      977296,
      862761,
      3603
    ],
    [
      431123,
      422615,
      671803,
      827210,
      904564,
      474142,
      208379,
      39129,
      976762,
      915133,
      427966,
      274037,
      444487,
      76793,
      846332,
      226200,
      111119,
      603056,
      975754,
      359304
    ],
    [
      581126,
      328640,
      762006,
      619275,
      345024,
      134279,
      518232,
      386490,
      160908,
      238817,
      549431,
      343841,
      296369,
      684939,
      76000,
      836242,
      672743,
      235294,
      685601,
      535093
    ]
  ],