{
  "base": 2,
  "beta": 745,
  "bound": 745,
  "k": 14,
  "n": 1024,
  "q": 12289,
  "sigma": 2.5021717175562106,
  "sigma_t": 2.5021717175562106
}
