{
  "base": 2,
  "beta": 6142,
  "bound": 6142,
  "k": 21,
  "n": 1024,
  "q": 1054721,
  "sigma": 2.5021717175562106,
  "sigma_t": 2.5021717175562106
}
